van_id,turf_code
1,B
2,E
3,E
4,B
5,C
6,E
7,B
8,C
9,D
10,A
11,B
12,C
13,C
14,D
15,B
16,C
17,C
18,C
19,D
20,C
21,A
22,D
23,F
24,F
25,E
26,D
27,C
28,A
29,B
30,C
31,F
32,B
33,C
34,B
35,E
36,C
37,A
38,B
39,B
40,B
41,A
42,D
43,F
44,C
45,B
46,B
47,D
48,C
49,D
50,B
51,D
52,F
53,C
54,C
55,C
56,C
57,A
58,C
59,C
60,B
61,C
62,E
63,B
64,C
65,D
66,C
67,F
68,D
69,E
70,A
71,B
72,D
73,D
74,F
75,A
76,F
77,B
78,D
79,D
80,E
81,F
82,F
83,E
84,E
85,D
86,D
87,A
88,D
89,E
90,F
91,A
92,D
93,F
94,D
95,B
96,F
97,A
98,F
99,D
100,D
101,D
102,F
103,B
104,F
105,D
106,A
107,E
108,C
109,C
110,D
111,A
112,F
113,C
114,D
115,B
116,D
117,D
118,D
119,F
120,E
121,E
122,F
123,B
124,D
125,D
126,B
127,D
128,E
129,D
130,C
131,D
132,F
133,C
134,D
135,A
136,B
137,A
138,D
139,F
140,B
141,D
142,D
143,E
144,A
145,C
146,B
147,E
148,E
149,A
150,E
151,B
152,B
153,D
154,A
155,D
156,B
157,E
158,E
159,B
160,A
161,A
162,D
163,A
164,E
165,C
166,E
167,A
168,A
169,C
170,A
171,E
172,C
173,B
174,C
175,A
176,A
177,A
178,E
179,C
180,C
181,F
182,B
183,F
184,D
185,E
186,D
187,F
188,A
189,E
190,B
191,B
192,D
193,D
194,A
195,D
196,F
197,D
198,E
199,F
200,F
201,D
202,C
203,D
204,F
205,F
206,A
207,A
208,A
209,D
210,E
211,F
212,D
213,D
214,D
215,B
216,F
217,E
218,F
219,F
220,F
221,D
222,B
223,A
224,F
225,A
226,F
227,F
228,E
229,D
230,D
231,B
232,B
233,B
234,B
235,C
236,B
237,A
238,F
239,E
240,D
241,A
242,B
243,F
244,B
245,A
246,B
247,F
248,A
249,A
250,D
251,D
252,A
253,C
254,C
255,B
256,F
257,D
258,F
259,F
260,C
261,D
262,F
263,F
264,C
265,A
266,B
267,A
268,F
269,D
270,A
271,C
272,E
273,B
274,F
275,B
276,C
277,C
278,C
279,E
280,D
281,C
282,A
283,D
284,F
285,A
286,F
287,D
288,A
289,B
290,B
291,F
292,B
293,A
294,B
295,C
296,E
297,E
298,E
299,C
300,B
301,F
302,A
303,C
304,C
305,A
306,F
307,A
308,B
309,B
310,B
311,E
312,F
313,B
314,F
315,B
316,A
317,E
318,F
319,F
320,F
321,B
322,B
323,B
324,E
325,B
326,B
327,C
328,C
329,D
330,B
331,D
332,E
333,F
334,D
335,B
336,A
337,C
338,B
339,F
340,E
341,B
342,D
343,A
344,E
345,B
346,A
347,D
348,D
349,A
350,F
351,F
352,F
353,C
354,B
355,D
356,E
357,E
358,E
359,A
360,D
361,E
362,A
363,B
364,F
365,A
366,B
367,F
368,E
369,E
370,C
371,E
372,B
373,B
374,C
375,E
376,E
377,D
378,C
379,B
380,B
381,C
382,D
383,E
384,A
385,C
386,D
387,A
388,A
389,D
390,F
391,A
392,E
393,E
394,B
395,A
396,B
397,E
398,A
399,F
400,B
401,F
402,E
403,A
404,C
405,C
406,A
407,F
408,F
409,F
410,B
411,A
412,D
413,F
414,C
415,E
416,B
417,B
418,B
419,B
420,E
421,C
422,E
423,E
424,F
425,A
426,D
427,B
428,C
429,D
430,F
431,F
432,C
433,C
434,E
435,F
436,A
437,B
438,B
439,D
440,C
441,A
442,F
443,D
444,E
445,A
446,F
447,F
448,D
449,C
450,E
451,D
452,A
453,C
454,D
455,D
456,A
457,A
458,C
459,F
460,A
461,E
462,F
463,B
464,C
465,C
466,E
467,D
468,B
469,A
470,C
471,E
472,B
473,E
474,E
475,F
476,A
477,C
478,C
479,C
480,D
481,D
482,D
483,F
484,C
485,B
486,C
487,C
488,C
489,E
490,F
491,D
492,C
493,B
494,E
495,C
496,B
497,E
498,A
499,C
500,E
501,E
502,C
503,D
504,D
505,F
506,E
507,E
508,E
509,D
510,D
511,E
512,D
513,A
514,C
515,B
516,E
517,A
518,A
519,F
520,C
521,C
522,A
523,B
524,C
525,B
526,D
527,C
528,B
529,A
530,B
531,F
532,E
533,A
534,C
535,C
536,D
537,A
538,A
539,D
540,C
541,A
542,A
543,E
544,C
545,C
546,C
547,B
548,F
549,C
550,E
551,B
552,E
553,F
554,D
555,D
556,D
557,E
558,B
559,C
560,D
561,B
562,E
563,D
564,B
565,F
566,E
567,D
568,E
569,D
570,D
571,F
572,E
573,F
574,B
575,C
576,E
577,A
578,A
579,F
580,E
581,C
582,C
583,F
584,C
585,B
586,B
587,C
588,D
589,E
590,F
591,A
592,B
593,B
594,B
595,C
596,A
597,A
598,A
599,F
600,C
601,B
602,E
603,F
604,B
605,E
606,D
607,B
608,E
609,C
610,E
611,E
612,E
613,D
614,A
615,F
616,F
617,B
618,E
619,D
620,E
621,C
622,B
623,D
624,A
625,F
626,D
627,D
628,F
629,E
630,C
631,C
632,A
633,D
634,D
635,A
636,A
637,E
638,F
639,F
640,C
641,A
642,D
643,E
644,A
645,F
646,C
647,A
648,F
649,F
650,C
651,C
652,C
653,B
654,A
655,A
656,A
657,B
658,E
659,A
660,A
661,C
662,F
663,C
664,D
665,F
666,A
667,C
668,C
669,D
670,F
671,B
672,C
673,B
674,F
675,D
676,A
677,E
678,A
679,D
680,B
681,C
682,B
683,D
684,F
685,A
686,F
687,F
688,C
689,C
690,F
691,C
692,E
693,A
694,E
695,C
696,B
697,C
698,F
699,D
700,E
701,C
702,A
703,A
704,B
705,A
706,A
707,B
708,B
709,F
710,C
711,A
712,D
713,C
714,C
715,B
716,E
717,E
718,C
719,F
720,D
721,B
722,D
723,B
724,E
725,D
726,D
727,B
728,E
729,E
730,E
731,A
732,E
733,B
734,A
735,F
736,A
737,D
738,B
739,D
740,B
741,E
742,F
743,B
744,D
745,A
746,E
747,B
748,E
749,E
750,E
751,A
752,F
753,F
754,D
755,C
756,B
757,F
758,A
759,C
760,D
761,C
762,E
763,C
764,D
765,D
766,A
767,D
768,B
769,D
770,A
771,E
772,D
773,E
774,D
775,F
776,A
777,A
778,B
779,D
780,B
781,D
782,D
783,C
784,D
785,D
786,A
787,D
788,B
789,C
790,D
791,F
792,C
793,D
794,D
795,E
796,C
797,E
798,B
799,A
800,C
801,A
802,D
803,E
804,B
805,F
806,E
807,F
808,A
809,A
810,C
811,E
812,A
813,D
814,D
815,D
816,F
817,F
818,A
819,E
820,E
821,F
822,A
823,B
824,E
825,F
826,E
827,A
828,E
829,A
830,A
831,C
832,C
833,B
834,D
835,A
836,B
837,B
838,E
839,C
840,B
841,E
842,C
843,F
844,C
845,F
846,B
847,A
848,E
849,E
850,E
851,D
852,B
853,F
854,A
855,C
856,E
857,B
858,E
859,C
860,E
861,E
862,D
863,F
864,A
865,A
866,B
867,A
868,D
869,D
870,F
871,A
872,B
873,F
874,B
875,C
876,B
877,F
878,C
879,A
880,A
881,C
882,D
883,E
884,A
885,D
886,B
887,D
888,C
889,A
890,E
891,E
892,A
893,C
894,A
895,A
896,F
897,F
898,F
899,A
900,B
901,E
902,F
903,E
904,F
905,E
906,A
907,E
908,D
909,B
910,A
911,C
912,E
913,C
914,A
915,A
916,D
917,D
918,F
919,D
920,F
921,E
922,D
923,B
924,B
925,E
926,D
927,F
928,B
929,B
930,C
931,A
932,C
933,B
934,C
935,D
936,D
937,E
938,E
939,A
940,B
941,C
942,F
943,A
944,D
945,D
946,D
947,A
948,D
949,E
950,A
951,A
952,E
953,C
954,A
955,A
956,F
957,E
958,D
959,C
960,C
961,D
962,F
963,D
964,E
965,B
966,A
967,E
968,C
969,E
970,A
971,C
972,F
973,B
974,A
975,D
976,D
977,F
978,E
979,F
980,B
981,F
982,A
983,E
984,A
985,F
986,F
987,A
988,F
989,E
990,E
991,C
992,A
993,E
994,C
995,A
996,B
997,D
998,F
999,D
1000,F
1001,B
1002,D
1003,C
1004,D
1005,B
1006,D
1007,B
1008,F
1009,B
1010,B
1011,F
1012,F
1013,C
1014,E
1015,C
1016,E
1017,D
1018,D
1019,E
1020,C
1021,E
1022,C
1023,B
1024,C
1025,C
1026,B
1027,C
1028,A
1029,B
1030,B
1031,A
1032,A
1033,E
1034,F
1035,F
1036,D
1037,C
1038,B
1039,C
1040,D
1041,B
1042,C
1043,D
1044,E
1045,A
1046,F
1047,C
1048,A
1049,E
1050,E
1051,C
1052,C
1053,B
1054,F
1055,B
1056,F
1057,A
1058,E
1059,A
1060,C
1061,A
1062,F
1063,D
1064,F
1065,D
1066,E
1067,D
1068,B
1069,C
1070,D
1071,D
1072,F
1073,C
1074,E
1075,E
1076,E
1077,C
1078,A
1079,B
1080,D
1081,B
1082,B
1083,B
1084,C
1085,E
1086,C
1087,C
1088,D
1089,C
1090,B
1091,F
1092,F
1093,E
1094,B
1095,F
1096,E
1097,E
1098,D
1099,F
1100,C
1101,E
1102,B
1103,C
1104,D
1105,F
1106,A
1107,C
1108,E
1109,D
1110,F
1111,D
1112,E
1113,D
1114,B
1115,B
1116,E
1117,C
1118,E
1119,A
1120,B
1121,B
1122,D
1123,C
1124,F
1125,C
1126,D
1127,C
1128,E
1129,C
1130,F
1131,F
1132,A
1133,B
1134,B
1135,B
1136,E
1137,A
1138,F
1139,C
1140,C
1141,F
1142,A
1143,C
1144,B
1145,B
1146,D
1147,D
1148,F
1149,F
1150,C
1151,B
1152,A
1153,F
1154,B
1155,F
1156,A
1157,C
1158,D
1159,A
1160,C
1161,C
1162,F
1163,D
1164,C
1165,C
1166,A
1167,D
1168,B
1169,F
1170,B
1171,D
1172,B
1173,A
1174,E
1175,D
1176,A
1177,F
1178,E
1179,B
1180,E
1181,D
1182,E
1183,D
1184,A
1185,C
1186,F
1187,A
1188,C
1189,C
1190,B
1191,A
1192,E
1193,E
1194,D
1195,A
1196,D
1197,B
1198,D
1199,A
1200,A
1201,C
1202,E
1203,C
1204,B
1205,F
1206,B
1207,F
1208,D
1209,B
1210,C
1211,F
1212,C
1213,C
1214,D
1215,B
1216,D
1217,C
1218,E
1219,B
1220,E
1221,A
1222,F
1223,D
1224,A
1225,F
1226,E
1227,D
1228,A
1229,C
1230,C
1231,F
1232,E
1233,E
1234,E
1235,F
1236,B
1237,B
1238,C
1239,F
1240,A
1241,B
1242,D
1243,C
1244,A
1245,D
1246,F
1247,F
1248,E
1249,A
1250,A
1251,D
1252,B
1253,C
1254,A
1255,C
1256,F
1257,E
1258,B
1259,D
1260,C
1261,C
1262,D
1263,B
1264,E
1265,F
1266,B
1267,C
1268,C
1269,B
1270,A
1271,D
1272,F
1273,D
1274,F
1275,C
1276,A
1277,D
1278,E
1279,C
1280,B
1281,B
1282,A
1283,A
1284,C
1285,F
1286,A
1287,E
1288,C
1289,B
1290,D
1291,C
1292,A
1293,A
1294,C
1295,B
1296,C
1297,B
1298,E
1299,B
1300,F
1301,B
1302,E
1303,F
1304,A
1305,A
1306,B
1307,A
1308,C
1309,A
1310,C
1311,D
1312,A
1313,B
1314,C
1315,D
1316,B
1317,B
1318,F
1319,C
1320,D
1321,C
1322,F
1323,A
1324,A
1325,D
1326,B
1327,E
1328,A
1329,E
1330,F
1331,B
1332,A
1333,B
1334,C
1335,C
1336,C
1337,E
1338,B
1339,D
1340,A
1341,B
1342,E
1343,D
1344,B
1345,C
1346,F
1347,B
1348,F
1349,D
1350,C
1351,F
1352,A
1353,E
1354,B
1355,F
1356,F
1357,B
1358,C
1359,D
1360,D
1361,B
1362,E
1363,D
1364,E
1365,D
1366,C
1367,A
1368,C
1369,F
1370,F
1371,D
1372,A
1373,E
1374,C
1375,C
1376,C
1377,F
1378,F
1379,F
1380,D
1381,F
1382,F
1383,C
1384,A
1385,B
1386,B
1387,E
1388,D
1389,A
1390,B
1391,E
1392,D
1393,A
1394,A
1395,D
1396,B
1397,F
1398,A
1399,E
1400,E
1401,B
1402,F
1403,A
1404,C
1405,A
1406,C
1407,A
1408,A
1409,D
1410,D
1411,C
1412,E
1413,F
1414,B
1415,C
1416,A
1417,F
1418,B
1419,A
1420,B
1421,E
1422,B
1423,E
1424,A
1425,D
1426,C
1427,A
1428,D
1429,C
1430,C
1431,F
1432,B
1433,E
1434,A
1435,A
1436,E
1437,A
1438,E
1439,C
1440,F
1441,F
1442,C
1443,F
1444,D
1445,B
1446,C
1447,B
1448,C
1449,F
1450,A
1451,F
1452,C
1453,B
1454,B
1455,C
1456,A
1457,F
1458,B
1459,A
1460,D
1461,F
1462,F
1463,B
1464,D
1465,F
1466,D
1467,D
1468,A
1469,C
1470,F
1471,E
1472,C
1473,C
1474,C
1475,E
1476,B
1477,B
1478,A
1479,B
1480,B
1481,B
1482,F
1483,A
1484,D
1485,B
1486,C
1487,C
1488,D
1489,E
1490,F
1491,D
1492,B
1493,A
1494,F
1495,D
1496,E
1497,E
1498,E
1499,F
1500,A
1501,E
1502,A
1503,E
1504,C
1505,E
1506,A
1507,A
1508,D
1509,D
1510,C
1511,A
1512,E
1513,F
1514,B
1515,A
1516,D
1517,F
1518,E
1519,B
1520,E
1521,E
1522,A
1523,E
1524,C
1525,B
1526,C
1527,B
1528,F
1529,E
1530,D
1531,E
1532,D
1533,F
1534,B
1535,E
1536,E
1537,D
1538,C
1539,F
1540,F
1541,A
1542,E
1543,C
1544,A
1545,A
1546,D
1547,A
1548,B
1549,D
1550,D
1551,B
1552,C
1553,A
1554,D
1555,D
1556,B
1557,B
1558,A
1559,A
1560,F
1561,C
1562,B
1563,A
1564,C
1565,E
1566,E
1567,A
1568,C
1569,B
1570,E
1571,D
1572,F
1573,B
1574,D
1575,B
1576,D
1577,E
1578,B
1579,F
1580,D
1581,B
1582,D
1583,A
1584,D
1585,C
1586,C
1587,A
1588,B
1589,D
1590,C
1591,D
1592,D
1593,C
1594,D
1595,C
1596,E
1597,C
1598,D
1599,A
1600,C
1601,E
1602,E
1603,C
1604,E
1605,F
1606,A
1607,D
1608,A
1609,F
1610,D
1611,E
1612,A
1613,C
1614,D
1615,D
1616,A
1617,F
1618,A
1619,A
1620,A
1621,D
1622,C
1623,F
1624,A
1625,B
1626,B
1627,C
1628,F
1629,C
1630,E
1631,B
1632,A
1633,E
1634,D
1635,E
1636,C
1637,F
1638,C
1639,D
1640,E
1641,C
1642,E
1643,E
1644,F
1645,F
1646,B
1647,D
1648,E
1649,F
1650,B
1651,A
1652,C
1653,F
1654,C
1655,E
1656,C
1657,E
1658,C
1659,E
1660,B
1661,B
1662,F
1663,D
1664,F
1665,E
1666,C
1667,F
1668,D
1669,E
1670,A
1671,F
1672,B
1673,E
1674,A
1675,E
1676,A
1677,A
1678,A
1679,D
1680,D
1681,A
1682,B
1683,D
1684,B
1685,D
1686,A
1687,D
1688,F
1689,A
1690,B
1691,D
1692,E
1693,B
1694,B
1695,E
1696,A
1697,D
1698,C
1699,C
1700,A
1701,C
1702,D
1703,E
1704,B
1705,B
1706,F
1707,C
1708,E
1709,B
1710,A
1711,E
1712,C
1713,E
1714,D
1715,F
1716,B
1717,D
1718,F
1719,A
1720,A
1721,E
1722,E
1723,F
1724,A
1725,F
1726,E
1727,B
1728,A
1729,B
1730,D
1731,D
1732,B
1733,B
1734,A
1735,A
1736,E
1737,C
1738,D
1739,A
1740,A
1741,A
1742,F
1743,F
1744,B
1745,E
1746,B
1747,C
1748,C
1749,E
1750,D
1751,C
1752,B
1753,D
1754,B
1755,C
1756,E
1757,F
1758,C
1759,F
1760,A
1761,F
1762,B
1763,B
1764,D
1765,B
1766,A
1767,F
1768,D
1769,E
1770,E
1771,E
1772,A
1773,C
1774,C
1775,F
1776,B
1777,F
1778,D
1779,E
1780,B
1781,A
1782,C
1783,F
1784,F
1785,E
1786,D
1787,B
1788,D
1789,B
1790,A
1791,C
1792,B
1793,D
1794,E
1795,A
1796,F
1797,A
1798,F
1799,F
1800,F
1801,E
1802,B
1803,A
1804,F
1805,E
1806,C
1807,A
1808,E
1809,E
1810,C
1811,B
1812,C
1813,A
1814,E
1815,E
1816,C
1817,C
1818,A
1819,D
1820,F
1821,F
1822,E
1823,D
1824,B
1825,D
1826,C
1827,F
1828,D
1829,A
1830,D
1831,F
1832,F
1833,F
1834,D
1835,C
1836,E
1837,E
1838,C
1839,E
1840,B
1841,F
1842,B
1843,B
1844,A
1845,F
1846,D
1847,C
1848,C
1849,F
1850,A
1851,B
1852,F
1853,C
1854,F
1855,A
1856,A
1857,F
1858,B
1859,D
1860,E
1861,C
1862,C
1863,A
1864,A
1865,F
1866,E
1867,D
1868,B
1869,F
1870,C
1871,B
1872,F
1873,B
1874,C
1875,F
1876,F
1877,D
1878,D
1879,F
1880,A
1881,D
1882,E
1883,D
1884,D
1885,A
1886,B
1887,C
1888,D
1889,F
1890,E
1891,E
1892,F
1893,B
1894,B
1895,A
1896,D
1897,D
1898,D
1899,E
1900,C
1901,C
1902,C
1903,E
1904,D
1905,A
1906,E
1907,F
1908,E
1909,C
1910,A
1911,F
1912,A
1913,B
1914,B
1915,B
1916,F
1917,A
1918,A
1919,E
1920,E
1921,E
1922,C
1923,C
1924,D
1925,A
1926,C
1927,C
1928,A
1929,D
1930,B
1931,C
1932,A
1933,A
1934,F
1935,B
1936,A
1937,D
1938,F
1939,E
1940,F
1941,B
1942,C
1943,B
1944,F
1945,E
1946,D
1947,A
1948,E
1949,A
1950,F
1951,B
1952,C
1953,F
1954,F
1955,F
1956,B
1957,A
1958,C
1959,D
1960,F
1961,D
1962,F
1963,A
1964,B
1965,B
1966,E
1967,B
1968,A
1969,A
1970,A
1971,C
1972,C
1973,A
1974,A
1975,F
1976,A
1977,C
1978,C
1979,B
1980,A
1981,E
1982,E
1983,B
1984,C
1985,D
1986,F
1987,F
1988,F
1989,D
1990,D
1991,C
1992,B
1993,F
1994,C
1995,B
1996,E
1997,F
1998,D
1999,E
2000,F
2001,F
2002,B
2003,E
2004,E
2005,D
2006,D
2007,D
2008,D
2009,C
2010,B
2011,C
2012,D
2013,F
2014,A
2015,E
2016,E
2017,E
2018,E
2019,B
2020,E
2021,E
2022,E
2023,E
2024,A
2025,A
2026,C
2027,A
2028,B
2029,C
2030,E
2031,B
2032,F
2033,E
2034,D
2035,C
2036,C
2037,A
2038,F
2039,D
2040,F
2041,A
2042,C
2043,F
2044,A
2045,E
2046,E
2047,E
2048,B
2049,B
2050,F
2051,D
2052,D
2053,D
2054,B
2055,E
2056,C
2057,E
2058,E
2059,A
2060,F
2061,B
2062,B
2063,C
2064,E
2065,D
2066,C
2067,E
2068,B
2069,A
2070,A
2071,B
2072,D
2073,D
2074,D
2075,E
2076,F
2077,B
2078,B
2079,E
2080,A
2081,A
2082,E
2083,F
2084,A
2085,E
2086,A
2087,D
2088,E
2089,A
2090,A
2091,D
2092,A
2093,C
2094,C
2095,F
2096,D
2097,A
2098,C
2099,C
2100,C
2101,E
2102,D
2103,B
2104,F
2105,B
2106,E
2107,A
2108,D
2109,E
2110,A
2111,F
2112,B
2113,D
2114,B
2115,D
2116,C
2117,A
2118,B
2119,A
2120,C
2121,C
2122,B
2123,E
2124,B
2125,E
2126,E
2127,D
2128,A
2129,B
2130,A
2131,D
2132,C
2133,E
2134,A
2135,F
2136,A
2137,B
2138,B
2139,D
2140,A
2141,D
2142,A
2143,F
2144,C
2145,A
2146,C
2147,C
2148,D
2149,D
2150,F
2151,A
2152,B
2153,C
2154,A
2155,F
2156,F
2157,A
2158,E
2159,C
2160,D
2161,B
2162,E
2163,C
2164,B
2165,C
2166,B
2167,D
2168,D
2169,F
2170,D
2171,C
2172,E
2173,C
2174,D
2175,B
2176,F
2177,D
2178,A
2179,C
2180,C
2181,C
2182,A
2183,F
2184,E
2185,D
2186,D
2187,B
2188,D
2189,B
2190,B
2191,C
2192,E
2193,D
2194,E
2195,E
2196,B
2197,C
2198,C
2199,E
2200,F
2201,A
2202,C
2203,C
2204,C
2205,A
2206,D
2207,C
2208,F
2209,A
2210,E
2211,D
2212,B
2213,D
2214,E
2215,C
2216,C
2217,F
2218,A
2219,B
2220,F
2221,C
2222,D
2223,D
2224,B
2225,F
2226,C
2227,E
2228,B
2229,F
2230,D
2231,B
2232,A
2233,B
2234,C
2235,F
2236,C
2237,B
2238,B
2239,D
2240,B
2241,C
2242,B
2243,D
2244,A
2245,D
2246,B
2247,A
2248,F
2249,A
2250,C
2251,E
2252,C
2253,B
2254,D
2255,A
2256,F
2257,B
2258,D
2259,D
2260,D
2261,F
2262,D
2263,D
2264,F
2265,E
2266,A
2267,A
2268,D
2269,A
2270,F
2271,A
2272,C
2273,C
2274,A
2275,D
2276,F
2277,D
2278,E
2279,A
2280,F
2281,F
2282,D
2283,D
2284,B
2285,E
2286,A
2287,F
2288,A
2289,E
2290,C
2291,D
2292,B
2293,F
2294,F
2295,F
2296,D
2297,A
2298,B
2299,C
2300,C
2301,C
2302,E
2303,B
2304,B
2305,C
2306,F
2307,C
2308,E
2309,C
2310,E
2311,F
2312,B
2313,B
2314,F
2315,C
2316,A
2317,B
2318,C
2319,B
2320,E
2321,D
2322,C
2323,F
2324,B
2325,E
2326,C
2327,A
2328,B
2329,A
2330,D
2331,F
2332,B
2333,F
2334,D
2335,C
2336,C
2337,E
2338,F
2339,E
2340,D
2341,E
2342,D
2343,C
2344,D
2345,F
2346,F
2347,D
2348,D
2349,D
2350,C
2351,C
2352,B
2353,A
2354,B
2355,A
2356,A
2357,D
2358,B
2359,B
2360,B
2361,A
2362,B
2363,A
2364,E
2365,D
2366,D
2367,E
2368,C
2369,D
2370,C
2371,E
2372,C
2373,E
2374,B
2375,B
2376,D
2377,F
2378,E
2379,B
2380,E
2381,B
2382,B
2383,B
2384,A
2385,A
2386,A
2387,F
2388,B
2389,D
2390,E
2391,F
2392,E
2393,B
2394,A
2395,A
2396,F
2397,A
2398,C
2399,F
2400,B
2401,D
2402,B
2403,D
2404,D
2405,C
2406,B
2407,A
2408,E
2409,D
2410,B
2411,C
2412,C
2413,E
2414,C
2415,F
2416,B
2417,E
2418,A
2419,F
2420,E
2421,B
2422,A
2423,F
2424,B
2425,D
2426,B
2427,B
2428,F
2429,B
2430,A
2431,F
2432,A
2433,C
2434,C
2435,B
2436,D
2437,E
2438,E
2439,B
2440,E
2441,A
2442,F
2443,A
2444,C
2445,A
2446,B
2447,D
2448,F
2449,D
2450,D
2451,E
2452,B
2453,B
2454,D
2455,B
2456,E
2457,B
2458,F
2459,F
2460,A
2461,B
2462,F
2463,B
2464,D
2465,C
2466,B
2467,B
2468,C
2469,A
2470,B
2471,E
2472,E
2473,C
2474,F
2475,B
2476,B
2477,F
2478,A
2479,F
2480,E
2481,C
2482,F
2483,E
2484,B
2485,E
2486,D
2487,C
2488,C
2489,F
2490,D
2491,F
2492,E
2493,C
2494,A
2495,E
2496,F
2497,D
2498,F
2499,C
2500,B
2501,E
2502,F
2503,D
2504,D
2505,C
2506,E
2507,C
2508,D
2509,C
2510,F
2511,F
2512,A
2513,D
2514,F
2515,A
2516,F
2517,A
2518,A
2519,F
2520,F
2521,D
2522,A
2523,F
2524,B
2525,E
2526,A
2527,B
2528,D
2529,C
2530,E
2531,B
2532,E
2533,C
2534,A
2535,C
2536,E
2537,C
2538,F
2539,E
2540,D
2541,E
2542,A
2543,D
2544,C
2545,D
2546,D
2547,D
2548,D
2549,F
2550,A
2551,C
2552,F
2553,E
2554,B
2555,A
2556,D
2557,A
2558,D
2559,E
2560,F
2561,E
2562,B
2563,A
2564,E
2565,B
2566,F
2567,F
2568,A
2569,F
2570,D
2571,E
2572,B
2573,D
2574,A
2575,C
2576,D
2577,D
2578,F
2579,D
2580,D
2581,E
2582,D
2583,E
2584,B
2585,C
2586,F
2587,B
2588,F
2589,B
2590,B
2591,F
2592,E
2593,D
2594,D
2595,B
2596,B
2597,B
2598,D
2599,A
2600,E
2601,B
2602,D
2603,B
2604,A
2605,F
2606,F
2607,A
2608,E
2609,F
2610,B
2611,E
2612,C
2613,C
2614,B
2615,C
2616,B
2617,D
2618,B
2619,F
2620,E
2621,C
2622,A
2623,F
2624,B
2625,E
2626,D
2627,F
2628,E
2629,C
2630,D
2631,C
2632,B
2633,F
2634,A
2635,C
2636,F
2637,B
2638,E
2639,A
2640,D
2641,D
2642,F
2643,F
2644,B
2645,C
2646,D
2647,E
2648,A
2649,F
2650,D
2651,D
2652,E
2653,D
2654,C
2655,B
2656,B
2657,D
2658,E
2659,F
2660,C
2661,F
2662,A
2663,D
2664,A
2665,C
2666,D
2667,D
2668,E
2669,A
2670,E
2671,A
2672,D
2673,D
2674,E
2675,D
2676,D
2677,B
2678,B
2679,E
2680,C
2681,A
2682,C
2683,B
2684,D
2685,F
2686,E
2687,F
2688,A
2689,D
2690,C
2691,A
2692,E
2693,A
2694,F
2695,F
2696,A
2697,F
2698,C
2699,F
2700,C
2701,E
2702,A
2703,C
2704,D
2705,A
2706,E
2707,E
2708,B
2709,A
2710,E
2711,C
2712,E
2713,C
2714,C
2715,A
2716,C
2717,C
2718,E
2719,B
2720,D
2721,F
2722,F
2723,E
2724,E
2725,A
2726,B
2727,A
2728,A
2729,E
2730,E
2731,C
2732,E
2733,D
2734,B
2735,D
2736,D
2737,F
2738,F
2739,B
2740,D
2741,B
2742,E
2743,A
2744,B
2745,C
2746,F
2747,A
2748,B
2749,F
2750,F
2751,D
2752,C
2753,F
2754,A
2755,A
2756,F
2757,A
2758,C
2759,C
2760,C
2761,C
2762,D
2763,A
2764,B
2765,F
2766,E
2767,D
2768,E
2769,A
2770,F
2771,D
2772,D
2773,B
2774,C
2775,A
2776,C
2777,D
2778,B
2779,A
2780,D
2781,B
2782,F
2783,E
2784,D
2785,C
2786,A
2787,D
2788,C
2789,A
2790,B
2791,D
2792,D
2793,C
2794,A
2795,C
2796,F
2797,F
2798,C
2799,F
2800,F
2801,F
2802,C
2803,A
2804,F
2805,D
2806,A
2807,A
2808,F
2809,B
2810,D
2811,B
2812,D
2813,B
2814,E
2815,A
2816,C
2817,F
2818,B
2819,F
2820,F
2821,E
2822,D
2823,C
2824,A
2825,A
2826,B
2827,F
2828,A
2829,D
2830,C
2831,A
2832,D
2833,F
2834,D
2835,F
2836,C
2837,F
2838,D
2839,A
2840,D
2841,D
2842,C
2843,E
2844,C
2845,E
2846,B
2847,C
2848,F
2849,A
2850,F
2851,D
2852,D
2853,A
2854,D
2855,E
2856,B
2857,F
2858,F
2859,A
2860,D
2861,E
2862,A
2863,F
2864,C
2865,B
2866,A
2867,C
2868,D
2869,A
2870,F
2871,D
2872,B
2873,C
2874,D
2875,A
2876,A
2877,F
2878,D
2879,D
2880,E
2881,A
2882,E
2883,D
2884,B
2885,A
2886,C
2887,D
2888,A
2889,F
2890,F
2891,B
2892,A
2893,D
2894,D
2895,B
2896,F
2897,A
2898,C
2899,C
2900,C
2901,A
2902,A
2903,F
2904,C
2905,A
2906,C
2907,F
2908,F
2909,E
2910,E
2911,D
2912,F
2913,E
2914,B
2915,C
2916,C
2917,B
2918,F
2919,A
2920,C
2921,E
2922,C
2923,D
2924,C
2925,D
2926,E
2927,D
2928,F
2929,E
2930,F
2931,C
2932,A
2933,B
2934,E
2935,A
2936,B
2937,A
2938,D
2939,E
2940,F
2941,C
2942,E
2943,B
2944,B
2945,F
2946,D
2947,D
2948,D
2949,C
2950,A
2951,A
2952,E
2953,C
2954,F
2955,C
2956,A
2957,F
2958,A
2959,F
2960,C
2961,C
2962,A
2963,B
2964,A
2965,E
2966,C
2967,C
2968,B
2969,E
2970,B
2971,A
2972,F
2973,B
2974,B
2975,B
2976,E
2977,F
2978,D
2979,F
2980,D
2981,C
2982,F
2983,C
2984,C
2985,C
2986,F
2987,A
2988,D
2989,E
2990,E
2991,B
2992,D
2993,D
2994,E
2995,F
2996,F
2997,C
2998,F
2999,E
3000,C
3001,A
3002,B
3003,F
3004,A
3005,D
3006,D
3007,A
3008,F
3009,A
3010,F
3011,C
3012,D
3013,E
3014,C
3015,D
3016,C
3017,E
3018,F
3019,F
3020,B
3021,C
3022,A
3023,E
3024,D
3025,F
3026,B
3027,A
3028,D
3029,A
3030,D
3031,B
3032,F
3033,C
3034,C
3035,F
3036,A
3037,B
3038,E
3039,D
3040,F
3041,E
3042,D
3043,D
3044,F
3045,E
3046,D
3047,E
3048,D
3049,A
3050,A
3051,C
3052,B
3053,A
3054,D
3055,C
3056,B
3057,C
3058,E
3059,D
3060,A
3061,D
3062,E
3063,E
3064,C
3065,A
3066,D
3067,B
3068,C
3069,F
3070,B
3071,A
3072,B
3073,F
3074,C
3075,D
3076,B
3077,E
3078,C
3079,D
3080,E
3081,D
3082,E
3083,D
3084,F
3085,E
3086,D
3087,C
3088,F
3089,A
3090,D
3091,F
3092,F
3093,D
3094,C
3095,C
3096,F
3097,C
3098,D
3099,B
3100,F
3101,A
3102,C
3103,A
3104,D
3105,C
3106,F
3107,C
3108,A
3109,C
3110,F
3111,C
3112,B
3113,B
3114,D
3115,B
3116,A
3117,D
3118,F
3119,B
3120,D
3121,C
3122,D
3123,C
3124,D
3125,B
3126,F
3127,E
3128,B
3129,F
3130,C
3131,F
3132,D
3133,C
3134,E
3135,B
3136,C
3137,E
3138,A
3139,E
3140,D
3141,A
3142,D
3143,A
3144,E
3145,F
3146,E
3147,C
3148,C
3149,F
3150,B
3151,B
3152,E
3153,F
3154,B
3155,B
3156,D
3157,C
3158,D
3159,A
3160,D
3161,F
3162,F
3163,A
3164,A
3165,E
3166,F
3167,E
3168,B
3169,F
3170,E
3171,C
3172,E
3173,E
3174,E
3175,A
3176,C
3177,D
3178,C
3179,A
3180,B
3181,C
3182,C
3183,F
3184,D
3185,E
3186,C
3187,D
3188,E
3189,B
3190,E
3191,F
3192,B
3193,D
3194,A
3195,A
3196,E
3197,C
3198,C
3199,A
3200,A
3201,A
3202,F
3203,F
3204,B
3205,E
3206,C
3207,E
3208,C
3209,D
3210,F
3211,D
3212,B
3213,F
3214,D
3215,F
3216,A
3217,A
3218,D
3219,B
3220,D
3221,E
3222,D
3223,C
3224,D
3225,F
3226,F
3227,D
3228,C
3229,F
3230,F
3231,E
3232,C
3233,A
3234,C
3235,D
3236,E
3237,C
3238,E
3239,C
3240,B
3241,D
3242,E
3243,A
3244,C
3245,E
3246,B
3247,B
3248,A
3249,E
3250,D
3251,C
3252,C
3253,F
3254,E
3255,C
3256,B
3257,D
3258,B
3259,E
3260,D
3261,F
3262,B
3263,E
3264,D
3265,E
3266,B
3267,E
3268,A
3269,F
3270,A
3271,A
3272,B
3273,F
3274,B
3275,E
3276,A
3277,E
3278,D
3279,A
3280,A
3281,C
3282,E
3283,D
3284,D
3285,D
3286,B
3287,D
3288,D
3289,B
3290,D
3291,D
3292,D
3293,E
3294,B
3295,A
3296,E
3297,D
3298,C
3299,C
3300,E
3301,F
3302,A
3303,B
3304,A
3305,D
3306,A
3307,C
3308,B
3309,F
3310,E
3311,A
3312,C
3313,C
3314,B
3315,A
3316,A
3317,B
3318,D
3319,E
3320,A
3321,F
3322,D
3323,A
3324,F
3325,B
3326,D
3327,C
3328,E
3329,F
3330,E
3331,C
3332,F
3333,D
3334,F
3335,A
3336,A
3337,E
3338,B
3339,D
3340,C
3341,C
3342,E
3343,F
3344,F
3345,B
3346,B
3347,B
3348,B
3349,D
3350,F
3351,F
3352,A
3353,A
3354,B
3355,B
3356,E
3357,F
3358,D
3359,F
3360,C
3361,F
3362,D
3363,D
3364,B
3365,B
3366,A
3367,A
3368,F
3369,C
3370,C
3371,A
3372,C
3373,C
3374,E
3375,C
3376,D
3377,F
3378,E
3379,A
3380,F
3381,D
3382,F
3383,E
3384,F
3385,A
3386,C
3387,D
3388,D
3389,F
3390,F
3391,C
3392,E
3393,E
3394,C
3395,A
3396,D
3397,E
3398,B
3399,F
3400,B
3401,C
3402,E
3403,E
3404,F
3405,A
3406,B
3407,A
3408,A
3409,C
3410,B
3411,E
3412,C
3413,A
3414,D
3415,F
3416,B
3417,B
3418,C
3419,D
3420,C
3421,C
3422,E
3423,E
3424,F
3425,F
3426,D
3427,D
3428,B
3429,F
3430,D
3431,B
3432,F
3433,E
3434,E
3435,E
3436,F
3437,E
3438,D
3439,E
3440,B
3441,E
3442,A
3443,F
3444,C
3445,B
3446,E
3447,F
3448,A
3449,F
3450,A
3451,D
3452,C
3453,B
3454,F
3455,F
3456,C
3457,B
3458,B
3459,D
3460,E
3461,D
3462,B
3463,A
3464,C
3465,B
3466,C
3467,D
3468,C
3469,A
3470,A
3471,E
3472,B
3473,F
3474,B
3475,A
3476,B
3477,F
3478,E
3479,F
3480,D
3481,C
3482,B
3483,F
3484,C
3485,A
3486,E
3487,E
3488,D
3489,D
3490,C
3491,F
3492,B
3493,F
3494,D
3495,F
3496,E
3497,F
3498,E
3499,E
3500,C
3501,B
3502,F
3503,E
3504,F
3505,D
3506,D
3507,F
3508,F
3509,E
3510,B
3511,A
3512,B
3513,C
3514,A
3515,F
3516,B
3517,D
3518,F
3519,C
3520,B
3521,F
3522,F
3523,F
3524,E
3525,D
3526,B
3527,B
3528,D
3529,C
3530,E
3531,F
3532,C
3533,B
3534,B
3535,A
3536,B
3537,A
3538,D
3539,E
3540,F
3541,F
3542,C
3543,C
3544,C
3545,D
3546,C
3547,A
3548,D
3549,C
3550,A
3551,B
3552,D
3553,B
3554,D
3555,C
3556,C
3557,E
3558,E
3559,F
3560,E
3561,B
3562,D
3563,A
3564,C
3565,F
3566,D
3567,A
3568,C
3569,A
3570,C
3571,D
3572,D
3573,E
3574,A
3575,E
3576,C
3577,A
3578,C
3579,F
3580,E
3581,F
3582,D
3583,C
3584,C
3585,E
3586,C
3587,D
3588,D
3589,A
3590,A
3591,E
3592,D
3593,B
3594,F
3595,E
3596,D
3597,E
3598,F
3599,C
3600,F
3601,B
3602,B
3603,E
3604,E
3605,D
3606,C
3607,E
3608,F
3609,A
3610,E
3611,E
3612,A
3613,A
3614,E
3615,A
3616,D
3617,E
3618,E
3619,A
3620,F
3621,C
3622,B
3623,D
3624,B
3625,A
3626,B
3627,E
3628,F
3629,F
3630,F
3631,C
3632,D
3633,B
3634,E
3635,B
3636,C
3637,C
3638,F
3639,C
3640,C
3641,E
3642,C
3643,B
3644,B
3645,C
3646,C
3647,D
3648,D
3649,B
3650,C
3651,C
3652,B
3653,F
3654,D
3655,F
3656,C
3657,B
3658,C
3659,A
3660,E
3661,D
3662,D
3663,A
3664,A
3665,F
3666,F
3667,B
3668,B
3669,E
3670,F
3671,D
3672,D
3673,F
3674,C
3675,D
3676,A
3677,B
3678,F
3679,C
3680,C
3681,A
3682,F
3683,B
3684,B
3685,F
3686,A
3687,C
3688,A
3689,B
3690,D
3691,F
3692,F
3693,C
3694,C
3695,B
3696,B
3697,F
3698,B
3699,F
3700,B
3701,D
3702,B
3703,B
3704,C
3705,C
3706,E
3707,A
3708,D
3709,E
3710,E
3711,C
3712,A
3713,E
3714,A
3715,E
3716,F
3717,E
3718,B
3719,B
3720,C
3721,F
3722,A
3723,A
3724,A
3725,B
3726,C
3727,E
3728,C
3729,A
3730,F
3731,A
3732,A
3733,C
3734,D
3735,C
3736,A
3737,B
3738,A
3739,D
3740,F
3741,E
3742,C
3743,F
3744,C
3745,E
3746,B
3747,E
3748,C
3749,A
3750,F
3751,D
3752,B
3753,A
3754,A
3755,A
3756,D
3757,A
3758,E
3759,F
3760,F
3761,E
3762,C
3763,D
3764,D
3765,C
3766,D
3767,E
3768,D
3769,B
3770,C
3771,A
3772,B
3773,E
3774,A
3775,E
3776,F
3777,C
3778,C
3779,E
3780,B
3781,A
3782,D
3783,C
3784,F
3785,A
3786,C
3787,F
3788,D
3789,F
3790,F
3791,A
3792,C
3793,F
3794,B
3795,D
3796,B
3797,A
3798,D
3799,A
3800,D
3801,D
3802,A
3803,F
3804,E
3805,A
3806,C
3807,E
3808,C
3809,B
3810,C
3811,B
3812,A
3813,A
3814,D
3815,F
3816,E
3817,F
3818,F
3819,D
3820,F
3821,F
3822,A
3823,B
3824,E
3825,E
3826,C
3827,D
3828,D
3829,F
3830,B
3831,B
3832,B
3833,C
3834,F
3835,D
3836,A
3837,A
3838,A
3839,B
3840,D
3841,D
3842,D
3843,C
3844,B
3845,F
3846,E
3847,D
3848,C
3849,C
3850,B
3851,B
3852,F
3853,A
3854,B
3855,C
3856,B
3857,F
3858,B
3859,F
3860,E
3861,B
3862,F
3863,C
3864,A
3865,B
3866,B
3867,A
3868,E
3869,F
3870,B
3871,B
3872,B
3873,C
3874,F
3875,A
3876,A
3877,A
3878,B
3879,A
3880,B
3881,C
3882,B
3883,E
3884,A
3885,E
3886,B
3887,C
3888,C
3889,D
3890,F
3891,C
3892,A
3893,B
3894,F
3895,A
3896,E
3897,D
3898,D
3899,F
3900,E
3901,F
3902,B
3903,B
3904,E
3905,E
3906,F
3907,F
3908,E
3909,A
3910,B
3911,E
3912,B
3913,B
3914,E
3915,F
3916,F
3917,D
3918,B
3919,F
3920,F
3921,B
3922,A
3923,B
3924,C
3925,E
3926,E
3927,F
3928,E
3929,D
3930,D
3931,B
3932,F
3933,A
3934,D
3935,C
3936,E
3937,C
3938,C
3939,F
3940,F
3941,A
3942,E
3943,B
3944,D
3945,B
3946,E
3947,A
3948,B
3949,F
3950,F
3951,F
3952,D
3953,E
3954,A
3955,E
3956,E
3957,A
3958,B
3959,C
3960,D
3961,D
3962,D
3963,F
3964,A
3965,C
3966,E
3967,B
3968,F
3969,E
3970,D
3971,A
3972,C
3973,E
3974,B
3975,B
3976,C
3977,C
3978,E
3979,D
3980,F
3981,A
3982,F
3983,C
3984,D
3985,C
3986,D
3987,A
3988,C
3989,D
3990,A
3991,F
3992,D
3993,E
3994,E
3995,B
3996,F
3997,D
3998,A
3999,C
4000,C
4001,F
4002,C
4003,C
4004,F
4005,B
4006,C
4007,C
4008,A
4009,E
4010,E
4011,A
4012,A
4013,D
4014,C
4015,F
4016,E
4017,F
4018,B
4019,C
4020,A
4021,C
4022,D
4023,C
4024,A
4025,B
4026,F
4027,C
4028,B
4029,A
4030,C
4031,D
4032,F
4033,A
4034,B
4035,B
4036,B
4037,F
4038,F
4039,A
4040,E
4041,A
4042,E
4043,C
4044,E
4045,C
4046,C
4047,B
4048,C
4049,C
4050,E
4051,D
4052,B
4053,E
4054,F
4055,D
4056,E
4057,C
4058,A
4059,F
4060,F
4061,F
4062,A
4063,A
4064,D
4065,F
4066,A
4067,A
4068,E
4069,F
4070,C
4071,E
4072,E
4073,C
4074,F
4075,B
4076,B
4077,D
4078,D
4079,C
4080,B
4081,D
4082,F
4083,A
4084,E
4085,C
4086,F
4087,C
4088,F
4089,C
4090,C
4091,A
4092,D
4093,D
4094,F
4095,E
4096,E
4097,A
4098,B
4099,A
4100,C
4101,C
4102,C
4103,D
4104,D
4105,C
4106,C
4107,E
4108,D
4109,F
4110,A
4111,B
4112,B
4113,C
4114,A
4115,C
4116,C
4117,A
4118,E
4119,C
4120,D
4121,F
4122,E
4123,A
4124,C
4125,D
4126,C
4127,B
4128,F
4129,A
4130,E
4131,F
4132,F
4133,A
4134,D
4135,B
4136,C
4137,C
4138,E
4139,A
4140,F
4141,E
4142,F
4143,E
4144,D
4145,B
4146,E
4147,D
4148,F
4149,D
4150,C
4151,E
4152,C
4153,C
4154,C
4155,E
4156,E
4157,D
4158,E
4159,A
4160,F
4161,A
4162,F
4163,A
4164,E
4165,F
4166,B
4167,D
4168,D
4169,B
4170,E
4171,A
4172,A
4173,C
4174,E
4175,F
4176,A
4177,C
4178,A
4179,C
4180,B
4181,D
4182,F
4183,E
4184,A
4185,B
4186,C
4187,A
4188,B
4189,D
4190,F
4191,B
4192,A
4193,E
4194,C
4195,A
4196,F
4197,F
4198,D
4199,A
4200,D
4201,D
4202,F
4203,D
4204,B
4205,A
4206,C
4207,F
4208,D
4209,F
4210,C
4211,E
4212,B
4213,E
4214,F
4215,C
4216,D
4217,B
4218,A
4219,A
4220,E
4221,D
4222,C
4223,E
4224,B
4225,F
4226,D
4227,D
4228,F
4229,A
4230,D
4231,A
4232,A
4233,C
4234,E
4235,F
4236,E
4237,A
4238,D
4239,C
4240,A
4241,B
4242,F
4243,D
4244,C
4245,D
4246,B
4247,E
4248,D
4249,E
4250,A
4251,A
4252,A
4253,A
4254,C
4255,E
4256,D
4257,D
4258,F
4259,E
4260,B
4261,E
4262,F
4263,F
4264,A
4265,E
4266,C
4267,E
4268,F
4269,D
4270,B
4271,B
4272,B
4273,E
4274,F
4275,F
4276,B
4277,C
4278,D
4279,D
4280,E
4281,F
4282,C
4283,E
4284,C
4285,A
4286,E
4287,A
4288,F
4289,B
4290,F
4291,D
4292,F
4293,C
4294,A
4295,E
4296,C
4297,B
4298,E
4299,A
4300,A
4301,A
4302,F
4303,B
4304,B
4305,F
4306,D
4307,A
4308,B
4309,F
4310,B
4311,B
4312,B
4313,D
4314,A
4315,D
4316,C
4317,A
4318,A
4319,B
4320,A
4321,B
4322,B
4323,A
4324,B
4325,C
4326,C
4327,E
4328,D
4329,A
4330,F
4331,D
4332,B
4333,E
4334,D
4335,E
4336,E
4337,A
4338,A
4339,F
4340,C
4341,F
4342,A
4343,B
4344,A
4345,F
4346,B
4347,D
4348,A
4349,A
4350,E
4351,D
4352,E
4353,C
4354,E
4355,B
4356,A
4357,E
4358,F
4359,B
4360,F
4361,E
4362,B
4363,C
4364,B
4365,F
4366,A
4367,C
4368,D
4369,D
4370,A
4371,E
4372,B
4373,C
4374,A
4375,B
4376,A
4377,E
4378,E
4379,F
4380,F
4381,D
4382,F
4383,F
4384,F
4385,B
4386,C
4387,D
4388,B
4389,C
4390,F
4391,A
4392,E
4393,F
4394,C
4395,D
4396,F
4397,C
4398,C
4399,B
4400,F
4401,D
4402,A
4403,B
4404,E
4405,F
4406,F
4407,B
4408,B
4409,A
4410,F
4411,B
4412,B
4413,F
4414,C
4415,B
4416,E
4417,D
4418,A
4419,C
4420,D
4421,E
4422,B
4423,F
4424,B
4425,C
4426,E
4427,B
4428,C
4429,A
4430,C
4431,D
4432,B
4433,A
4434,E
4435,E
4436,D
4437,B
4438,A
4439,D
4440,A
4441,D
4442,E
4443,C
4444,E
4445,F
4446,F
4447,C
4448,A
4449,F
4450,C
4451,D
4452,C
4453,E
4454,E
4455,D
4456,F
4457,A
4458,D
4459,D
4460,B
4461,C
4462,F
4463,B
4464,D
4465,C
4466,F
4467,F
4468,B
4469,C
4470,B
4471,A
4472,C
4473,B
4474,E
4475,C
4476,C
4477,F
4478,C
4479,F
4480,A
4481,C
4482,B
4483,D
4484,D
4485,A
4486,C
4487,F
4488,E
4489,C
4490,F
4491,A
4492,A
4493,A
4494,E
4495,B
4496,F
4497,C
4498,C
4499,E
4500,F
4501,B
4502,D
4503,E
4504,D
4505,D
4506,A
4507,D
4508,C
4509,E
4510,D
4511,A
4512,F
4513,A
4514,C
4515,B
4516,B
4517,F
4518,B
4519,F
4520,E
4521,E
4522,B
4523,D
4524,F
4525,E
4526,D
4527,D
4528,F
4529,A
4530,D
4531,D
4532,D
4533,D
4534,E
4535,A
4536,C
4537,A
4538,D
4539,F
4540,A
4541,F
4542,B
4543,D
4544,D
4545,E
4546,A
4547,A
4548,B
4549,F
4550,D
4551,A
4552,B
4553,A
4554,B
4555,D
4556,C
4557,F
4558,F
4559,C
4560,A
4561,E
4562,F
4563,D
4564,B
4565,C
4566,B
4567,B
4568,B
4569,F
4570,B
4571,B
4572,D
4573,B
4574,B
4575,B
4576,F
4577,C
4578,E
4579,D
4580,A
4581,C
4582,C
4583,F
4584,B
4585,F
4586,F
4587,A
4588,A
4589,E
4590,E
4591,F
4592,D
4593,A
4594,A
4595,E
4596,F
4597,B
4598,B
4599,F
4600,F
4601,A
4602,D
4603,E
4604,C
4605,C
4606,A
4607,A
4608,A
4609,C
4610,A
4611,E
4612,E
4613,C
4614,E
4615,F
4616,A
4617,D
4618,D
4619,D
4620,B
4621,F
4622,A
4623,B
4624,D
4625,E
4626,D
4627,F
4628,D
4629,E
4630,B
4631,F
4632,F
4633,D
4634,A
4635,E
4636,E
4637,E
4638,E
4639,E
4640,F
4641,D
4642,D
4643,D
4644,D
4645,D
4646,A
4647,B
4648,E
4649,D
4650,E
4651,D
4652,F
4653,B
4654,C
4655,D
4656,D
4657,C
4658,C
4659,E
4660,D
4661,C
4662,B
4663,F
4664,E
4665,E
4666,F
4667,F
4668,E
4669,F
4670,A
4671,D
4672,F
4673,D
4674,C
4675,A
4676,C
4677,D
4678,E
4679,E
4680,F
4681,B
4682,F
4683,F
4684,B
4685,B
4686,D
4687,B
4688,B
4689,B
4690,B
4691,D
4692,C
4693,E
4694,E
4695,A
4696,E
4697,C
4698,F
4699,B
4700,E
4701,A
4702,F
4703,C
4704,A
4705,E
4706,A
4707,F
4708,F
4709,A
4710,F
4711,C
4712,B
4713,F
4714,B
4715,D
4716,E
4717,D
4718,E
4719,F
4720,B
4721,A
4722,D
4723,F
4724,C
4725,B
4726,E
4727,A
4728,E
4729,E
4730,C
4731,F
4732,B
4733,C
4734,D
4735,E
4736,E
4737,F
4738,C
4739,D
4740,C
4741,B
4742,A
4743,B
4744,E
4745,D
4746,A
4747,B
4748,A
4749,F
4750,C
4751,B
4752,D
4753,D
4754,A
4755,E
4756,D
4757,E
4758,E
4759,F
4760,C
4761,F
4762,A
4763,C
4764,D
4765,C
4766,B
4767,B
4768,A
4769,F
4770,B
4771,B
4772,E
4773,D
4774,A
4775,D
4776,B
4777,B
4778,E
4779,E
4780,F
4781,F
4782,F
4783,C
4784,C
4785,D
4786,E
4787,B
4788,E
4789,C
4790,F
4791,D
4792,F
4793,B
4794,F
4795,D
4796,C
4797,E
4798,F
4799,F
4800,F
4801,F
4802,E
4803,E
4804,B
4805,B
4806,C
4807,B
4808,C
4809,D
4810,C
4811,D
4812,A
4813,D
4814,F
4815,D
4816,A
4817,D
4818,B
4819,B
4820,E
4821,C
4822,E
4823,E
4824,B
4825,E
4826,A
4827,A
4828,E
4829,C
4830,C
4831,E
4832,F
4833,A
4834,A
4835,F
4836,F
4837,D
4838,C
4839,F
4840,F
4841,B
4842,C
4843,C
4844,A
4845,F
4846,A
4847,F
4848,F
4849,A
4850,C
4851,C
4852,D
4853,E
4854,A
4855,A
4856,B
4857,D
4858,A
4859,A
4860,A
4861,B
4862,A
4863,C
4864,F
4865,A
4866,E
4867,A
4868,B
4869,E
4870,A
4871,B
4872,A
4873,D
4874,A
4875,A
4876,E
4877,B
4878,E
4879,A
4880,A
4881,A
4882,C
4883,C
4884,D
4885,B
4886,A
4887,E
4888,D
4889,F
4890,F
4891,C
4892,E
4893,A
4894,C
4895,E
4896,F
4897,D
4898,B
4899,F
4900,A
4901,C
4902,F
4903,C
4904,D
4905,A
4906,E
4907,A
4908,C
4909,C
4910,A
4911,B
4912,C
4913,F
4914,A
4915,B
4916,C
4917,D
4918,D
4919,E
4920,A
4921,D
4922,E
4923,B
4924,B
4925,D
4926,F
4927,D
4928,C
4929,F
4930,F
4931,C
4932,B
4933,A
4934,D
4935,C
4936,D
4937,C
4938,C
4939,B
4940,A
4941,A
4942,C
4943,B
4944,E
4945,A
4946,C
4947,C
4948,B
4949,F
4950,A
4951,B
4952,B
4953,A
4954,E
4955,A
4956,D
4957,A
4958,E
4959,E
4960,A
4961,C
4962,F
4963,F
4964,A
4965,E
4966,A
4967,C
4968,D
4969,C
4970,E
4971,F
4972,D
4973,F
4974,E
4975,D
4976,D
4977,A
4978,E
4979,E
4980,A
4981,E
4982,A
4983,D
4984,C
4985,C
4986,A
4987,C
4988,B
4989,A
4990,B
4991,E
4992,C
4993,E
4994,F
4995,B
4996,C
4997,F
4998,E
4999,D
5000,E
5001,A
5002,E
5003,F
5004,A
5005,C
5006,F
5007,A
5008,D
5009,B
5010,E
5011,E
5012,D
5013,A
5014,A
5015,B
5016,A
5017,E
5018,D
5019,F
5020,C
5021,D
5022,F
5023,E
5024,F
5025,D
5026,B
5027,F
5028,F
5029,E
5030,B
5031,F
5032,F
5033,F
5034,D
5035,D
5036,C
5037,A
5038,B
5039,F
5040,E
5041,D
5042,B
5043,F
5044,C
5045,F
5046,A
5047,A
5048,A
5049,A
5050,A
5051,F
5052,E
5053,F
5054,A
5055,E
5056,C
5057,C
5058,F
5059,A
5060,D
5061,E
5062,D
5063,D
5064,D
5065,E
5066,A
5067,E
5068,A
5069,A
5070,F
5071,A
5072,A
5073,C
5074,E
5075,B
5076,A
5077,A
5078,D
5079,B
5080,C
5081,C
5082,C
5083,A
5084,E
5085,C
5086,E
5087,E
5088,D
5089,F
5090,D
5091,C
5092,D
5093,E
5094,E
5095,C
5096,D
5097,F
5098,C
5099,C
5100,A
5101,E
5102,B
5103,F
5104,C
5105,F
5106,A
5107,A
5108,B
5109,A
5110,A
5111,A
5112,C
5113,A
5114,B
5115,F
5116,C
5117,A
5118,F
5119,C
5120,C
5121,D
5122,E
5123,E
5124,F
5125,B
5126,B
5127,E
5128,E
5129,A
5130,F
5131,A
5132,C
5133,B
5134,E
5135,D
5136,E
5137,D
5138,D
5139,B
5140,C
5141,A
5142,E
5143,E
5144,D
5145,B
5146,B
5147,B
5148,C
5149,F
5150,C
5151,D
5152,F
5153,B
5154,F
5155,A
5156,F
5157,D
5158,C
5159,D
5160,A
5161,C
5162,F
5163,A
5164,E
5165,C
5166,A
5167,A
5168,C
5169,E
5170,B
5171,C
5172,A
5173,A
5174,D
5175,E
5176,D
5177,A
5178,C
5179,E
5180,F
5181,B
5182,D
5183,D
5184,A
5185,A
5186,E
5187,F
5188,C
5189,C
5190,B
5191,D
5192,C
5193,A
5194,A
5195,C
5196,E
5197,C
5198,B
5199,D
5200,A
5201,C
5202,C
5203,C
5204,E
5205,F
5206,E
5207,C
5208,C
5209,C
5210,A
5211,E
5212,B
5213,B
5214,E
5215,B
5216,E
5217,B
5218,F
5219,E
5220,C
5221,A
5222,C
5223,D
5224,F
5225,A
5226,D
5227,B
5228,F
5229,A
5230,C
5231,F
5232,F
5233,B
5234,E
5235,B
5236,A
5237,F
5238,B
5239,D
5240,D
5241,D
5242,C
5243,A
5244,A
5245,B
5246,F
5247,E
5248,D
5249,F
5250,A
5251,C
5252,C
5253,A
5254,B
5255,A
5256,C
5257,A
5258,D
5259,C
5260,C
5261,A
5262,C
5263,E
5264,A
5265,A
5266,B
5267,D
5268,C
5269,A
5270,D
5271,E
5272,B
5273,D
5274,C
5275,E
5276,A
5277,F
5278,A
5279,C
5280,F
5281,B
5282,A
5283,C
5284,A
5285,C
5286,B
5287,E
5288,C
5289,C
5290,E
5291,C
5292,F
5293,E
5294,C
5295,C
5296,A
5297,B
5298,F
5299,A
5300,B
5301,F
5302,E
5303,B
5304,A
5305,F
5306,D
5307,B
5308,E
5309,C
5310,D
5311,A
5312,C
5313,A
5314,E
5315,E
5316,B
5317,E
5318,F
5319,C
5320,E
5321,D
5322,C
5323,D
5324,C
5325,A
5326,B
5327,E
5328,C
5329,A
5330,C
5331,A
5332,B
5333,C
5334,F
5335,F
5336,C
5337,A
5338,B
5339,F
5340,A
5341,F
5342,D
5343,A
5344,D
5345,C
5346,B
5347,E
5348,D
5349,F
5350,F
5351,A
5352,B
5353,C
5354,A
5355,D
5356,F
5357,C
5358,A
5359,B
5360,D
5361,F
5362,F
5363,F
5364,F
5365,C
5366,A
5367,E
5368,C
5369,F
5370,B
5371,B
5372,B
5373,E
5374,A
5375,E
5376,C
5377,B
5378,B
5379,D
5380,B
5381,E
5382,C
5383,A
5384,B
5385,F
5386,C
5387,B
5388,B
5389,A
5390,B
5391,B
5392,C
5393,F
5394,D
5395,A
5396,D
5397,B
5398,A
5399,B
5400,A
5401,E
5402,F
5403,B
5404,D
5405,E
5406,C
5407,D
5408,C
5409,C
5410,E
5411,C
5412,E
5413,B
5414,C
5415,A
5416,E
5417,C
5418,C
5419,A
5420,C
5421,D
5422,A
5423,F
5424,E
5425,F
5426,E
5427,F
5428,C
5429,B
5430,B
5431,F
5432,D
5433,B
5434,C
5435,F
5436,B
5437,F
5438,E
5439,C
5440,A
5441,C
5442,F
5443,E
5444,E
5445,C
5446,B
5447,C
5448,E
5449,F
5450,A
5451,A
5452,C
5453,D
5454,F
5455,F
5456,F
5457,B
5458,C
5459,C
5460,B
5461,C
5462,F
5463,F
5464,B
5465,A
5466,F
5467,B
5468,A
5469,A
5470,A
5471,E
5472,A
5473,F
5474,E
5475,B
5476,A
5477,F
5478,A
5479,F
5480,D
5481,D
5482,E
5483,C
5484,B
5485,E
5486,B
5487,E
5488,F
5489,D
5490,C
5491,F
5492,E
5493,F
5494,B
5495,D
5496,E
5497,B
5498,B
5499,C
5500,C
5501,C
5502,D
5503,C
5504,D
5505,A
5506,D
5507,E
5508,C
5509,A
5510,A
5511,B
5512,C
5513,B
5514,C
5515,A
5516,B
5517,E
5518,F
5519,E
5520,C
5521,B
5522,E
5523,C
5524,A
5525,C
5526,F
5527,C
5528,B
5529,E
5530,B
5531,E
5532,B
5533,D
5534,C
5535,E
5536,C
5537,E
5538,C
5539,D
5540,A
5541,C
5542,B
5543,D
5544,C
5545,B
5546,A
5547,C
5548,F
5549,B
5550,D
5551,C
5552,D
5553,F
5554,D
5555,E
5556,E
5557,E
5558,F
5559,A
5560,F
5561,D
5562,A
5563,C
5564,B
5565,A
5566,E
5567,D
5568,D
5569,D
5570,D
5571,B
5572,F
5573,B
5574,E
5575,E
5576,B
5577,A
5578,F
5579,C
5580,D
5581,F
5582,A
5583,C
5584,F
5585,D
5586,A
5587,D
5588,C
5589,D
5590,A
5591,C
5592,E
5593,D
5594,A
5595,B
5596,B
5597,A
5598,F
5599,E
5600,C
5601,F
5602,B
5603,C
5604,E
5605,F
5606,C
5607,C
5608,F
5609,C
5610,E
5611,C
5612,F
5613,A
5614,F
5615,A
5616,A
5617,D
5618,D
5619,C
5620,C
5621,A
5622,A
5623,B
5624,A
5625,B
5626,A
5627,D
5628,F
5629,D
5630,E
5631,E
5632,C
5633,C
5634,D
5635,F
5636,F
5637,B
5638,B
5639,A
5640,C
5641,C
5642,D
5643,A
5644,F
5645,B
5646,B
5647,E
5648,C
5649,D
5650,B
5651,E
5652,C
5653,F
5654,D
5655,C
5656,C
5657,B
5658,E
5659,D
5660,C
5661,B
5662,F
5663,C
5664,B
5665,E
5666,A
5667,F
5668,E
5669,F
5670,E
5671,B
5672,E
5673,B
5674,C
5675,E
5676,A
5677,E
5678,F
5679,B
5680,A
5681,B
5682,A
5683,F
5684,D
5685,D
5686,E
5687,A
5688,F
5689,E
5690,B
5691,B
5692,E
5693,B
5694,B
5695,F
5696,C
5697,B
5698,D
5699,B
5700,C
5701,E
5702,E
5703,F
5704,E
5705,F
5706,C
5707,C
5708,B
5709,C
5710,B
5711,A
5712,A
5713,C
5714,B
5715,A
5716,D
5717,C
5718,B
5719,D
5720,B
5721,A
5722,E
5723,D
5724,B
5725,C
5726,E
5727,D
5728,F
5729,B
5730,C
5731,C
5732,B
5733,A
5734,B
5735,E
5736,B
5737,C
5738,A
5739,D
5740,D
5741,D
5742,A
5743,C
5744,A
5745,F
5746,A
5747,A
5748,A
5749,D
5750,C
5751,A
5752,A
5753,D
5754,F
5755,D
5756,D
5757,A
5758,D
5759,A
5760,E
5761,B
5762,A
5763,C
5764,C
5765,D
5766,E
5767,F
5768,C
5769,A
5770,A
5771,B
5772,F
5773,F
5774,A
5775,E
5776,E
5777,D
5778,D
5779,F
5780,A
5781,C
5782,B
5783,A
5784,D
5785,D
5786,C
5787,D
5788,D
5789,E
5790,A
5791,F
5792,F
5793,C
5794,B
5795,C
5796,C
5797,C
5798,B
5799,E
5800,D
5801,A
5802,D
5803,D
5804,B
5805,F
5806,F
5807,C
5808,F
5809,A
5810,F
5811,B
5812,E
5813,A
5814,F
5815,F
5816,A
5817,F
5818,D
5819,C
5820,B
5821,D
5822,C
5823,E
5824,C
5825,B
5826,A
5827,A
5828,F
5829,E
5830,F
5831,A
5832,B
5833,F
5834,C
5835,C
5836,B
5837,B
5838,A
5839,F
5840,F
5841,B
5842,C
5843,F
5844,D
5845,F
5846,A
5847,F
5848,D
5849,F
5850,B
5851,A
5852,E
5853,C
5854,A
5855,A
5856,F
5857,C
5858,F
5859,A
5860,B
5861,D
5862,B
5863,F
5864,F
5865,C
5866,E
5867,E
5868,F
5869,C
5870,F
5871,D
5872,F
5873,F
5874,A
5875,D
5876,C
5877,D
5878,D
5879,B
5880,D
5881,F
5882,B
5883,D
5884,A
5885,F
5886,A
5887,D
5888,E
5889,A
5890,A
5891,D
5892,E
5893,A
5894,D
5895,B
5896,C
5897,D
5898,D
5899,D
5900,F
5901,C
5902,B
5903,B
5904,E
5905,C
5906,A
5907,F
5908,A
5909,E
5910,A
5911,E
5912,B
5913,E
5914,B
5915,E
5916,F
5917,F
5918,A
5919,E
5920,F
5921,E
5922,B
5923,D
5924,A
5925,F
5926,B
5927,D
5928,D
5929,A
5930,F
5931,B
5932,A
5933,B
5934,D
5935,A
5936,D
5937,C
5938,F
5939,F
5940,D
5941,A
5942,D
5943,A
5944,F
5945,D
5946,E
5947,F
5948,C
5949,B
5950,C
5951,D
5952,A
5953,C
5954,E
5955,B
5956,A
5957,A
5958,A
5959,E
5960,A
5961,D
5962,A
5963,D
5964,C
5965,A
5966,C
5967,C
5968,C
5969,F
5970,F
5971,E
5972,B
5973,E
5974,A
5975,C
5976,E
5977,E
5978,A
5979,B
5980,C
5981,D
5982,E
5983,F
5984,E
5985,F
5986,F
5987,B
5988,F
5989,C
5990,B
5991,B
5992,E
5993,D
5994,E
5995,C
5996,F
5997,B
5998,E
5999,F
6000,A
6001,F
6002,F
6003,B
6004,D
